category,image,item_id,like,link,price,review,title
Android TV Boxes,https://img.gkbcdn.com/p/2022-05-19/X98Q-TV-BOX-Amlogic-S905W2-2G-RAM-16G-ROM-5G-WiFi-AV1-4K-EU-Plug-501127-0._w280_.jpg,501127,45,https://www.geekbuying.com/item/X98Q-TV-BOX-Amlogic-S905W2-2G-RAM-16G-ROM-5G-WiFi-AV1-4K-EU-Plug-501127.html,$26.99,9,X98Q TV BOX Android 11 Amlogic S905W2 Quad Core ARM Cortex A53 2G RAM 16GB ROM 2.4G+5G WiFi 4K AV1 - EU Plug
Android TV Boxes,https://img.gkbcdn.com/p/2022-09-20/MECOOL-KM2-PLUS-Netflix-4K-Android-TV-4K-TV-BOX-517095-0._w280_.jpg,517095,17,https://www.geekbuying.com/item/MECOOL-KM2-PLUS-Netflix-4K-Android-TV-4K-TV-BOX-517095.html,$75.99,1,MECOOL KM2 PLUS Netflix Certified Android TV 11 4K TV BOX Amlogic S905X4-B 2G RAM 16G eMMC HDR 5G WIFI SPDIF Dolby Audio - EU Plug
Android TV Boxes,https://img.gkbcdn.com/p/2019-10-10/tanix-tx3-amlogic-s905x3-8k-video-decode-android-9-0-tv-box-4gb-32gb--1574132449670._w280_.jpg,420289,105,https://www.geekbuying.com/item/TANIX-TX3-Amlogic-S905x3-8K-Video-Decode-Android-9-0-TV-Box-4GB-32GB-420289.html,$50.99,27,TANIX TX3 ALICE UX Amlogic S905x3 8K Video Decode Android 9.0 TV Box 4GB/32GB Bluetooth 2.4G+5.8G WiFi LAN USB3.0 Youtube Netflix Google Play
Android TV Boxes,https://img.gkbcdn.com/p/2022-09-13/H96-MAX-V58-Android-12-RK3588-8GB-64GB-TV-BOX-8K-decode-517022-0._w280_.jpg,517022,11,https://www.geekbuying.com/item/H96-MAX-V58-Android-12-RK3588-8GB-64GB-TV-BOX-8K-decode-517022.html,$165.99,1,H96 MAX V58 Android 12 TV Box RK3588 Octa Core 2.4GHz 8GB DDR4 RAM 64GB eMMC ROM WiFi6 2.4G/5GHz Dual Wi-Fi Antenna 1000M Ethernet Gigabit LAN 8K@60FPS H.265 AV1 Decoding BT5.0 USB3.0 Voice Remote Control Multi-Languages Media Player - EU Plug
Android TV Boxes,https://img.gkbcdn.com/p/2021-03-24/A95X-F4-Android-11-0-Amlogic-S905X4-4GB-32GB-TV-BOX-457383-0._w280_.jpg,457383,55,https://www.geekbuying.com/item/A95X-F4-Android-11-Amlogic-S905X4-4GB-32GB-TV-BOX-457383.html,$49.99,23,A95X F4 Android 11 Amlogic S905X4 4GB/32GB TV BOX 2.5G+5G WIFI Bluetooth 4.2 8K HDR
Android TV Boxes,https://img.gkbcdn.com/p/2020-04-21/X96Q-Allwinner-H313-Android-10-0-TV-BOX-2GB-16GB-902268-._w280_.jpg,424992,84,https://www.geekbuying.com/item/X96Q-Allwinner-H313-Android-10-0-TV-BOX-2GB-16GB-4K60fps-424992.html,$25.99,129,X96Q Allwinner H313 4K@60fps Android 10 4K TV BOX 2GB RAM 16GB ROM 2.4G WIFI HDMI AV RJ45 USB2.0
Android TV Boxes,https://img.gkbcdn.com/p/2021-08-09/X96-X4-Android-11-Amlogic-S905X4-8K-HDR-4GB-32GB-TV-BOX-469792-0._w280_.jpg,469792,55,https://www.geekbuying.com/item/X96-X4-Android-11-Amlogic-S905X4-8K-HDR-4GB-32GB-TV-BOX-469792.html,$56.99,6,X96 X4 Android 11 Amlogic S905X4 8K HDR 4GB/32GB TV BOX 2.5G+5G WIFI Bluetooth 4.1 100M LAN
Android TV Boxes,https://img.gkbcdn.com/p/2021-10-27/Google-Certified-MECOOL-KM7-Amlogic-S905Y2-Android-11-AV1-TV-Box-475305-0._w280_.jpg,475305,34,https://www.geekbuying.com/item/Google-Certified-MECOOL-KM7-Amlogic-S905Y4-Android-11-AV1-TV-Box-475305.html,$75.99,1,MECOOL KM7 Amlogic S905Y4 Quad core 4GB RAM 64GB eMMC 2.4G+5G WIFI Bluetooth 4.2 Android 11 Google Certified AV1
Android TV Boxes,https://img.gkbcdn.com/p/2022-05-19/TANIX-W2-TV-BOX-Amlogic-S905W2-2G-RAM-16G-ROM-5G-WiFi-BT-EU-Plug-501135-0._w280_.jpg,501135,9,https://www.geekbuying.com/item/TANIX-W2-TV-BOX-Amlogic-S905W2-2G-RAM-16G-ROM-5G-WiFi-BT-EU-Plug-501135.html,$35.99,7,TANIX W2 TV BOX Android 11 Amlogic S905W2 Quad Core ARM Cortex A53 2GB DDR4 RAM 16GB ROM 2.4G+5G WiFi BT 4K - EU Plug
Android TV Boxes,https://img.gkbcdn.com/p/2022-03-04/a95x-f3-air-ii-tv-box-2gb-ram-16gb-rom-769e8a-1646360070732._w280_.gif,479508,15,https://www.geekbuying.com/item/A95X-F3-Air-II-TV-BOX-2GB-RAM-16GB-ROM-479508.html,$35.99,4,A95X F3 Air II 2GB/16GB 4K AV1 TV BOX RGB Light Android 11 Amlogic S905W2 ARM Cortex A53 2.4G+5G WIFI
Android TV Boxes,https://img.gkbcdn.com/p/2022-09-13/H96-MAX-V56-Android-12-RK3566-8GB-64GB-TV-BOX-8K-Decode-517009-0._w280_.jpg,517009,13,https://www.geekbuying.com/item/H96-MAX-V56-Android-12-RK3566-8GB-64GB-TV-BOX-8K-Decode-517009.html,$79.99,,H96 MAX V56 Android 12 RK3566 8GB/64GB TV BOX 1.8GHz 2.4G+5G WIFI Gigabit LAN 8K Decode - EU Plug
Android TV Boxes,https://img.gkbcdn.com/p/2022-05-20/TANIX-TX3-TV-Box--Amlogic-S905x3-2G-16G-8K-Decode-501173-0._w280_.jpg,501173,11,https://www.geekbuying.com/item/TANIX-TX3-TV-Box--Amlogic-S905x3-2G-16G-8K-Decode-501173.html,$37.99,7,TANIX TX3 TV Box Amlogic S905x3 2G/16G 2.4G WiFi 100Mbps LAN USB3.0 8K Decode
Android TV Boxes,https://img.gkbcdn.com/p/2022-09-02/X98H-Pro-TV-BOX-Android-12-Allwinner-H618-4GB-RAM-32GB-ROM-WIFI-6-516469-0._w280_.jpg,516469,8,https://www.geekbuying.com/item/X98H-Pro-TV-BOX-Android-12-Allwinner-H618-4GB-RAM-32GB-ROM-WIFI-6-516469.html,$45.99,,X98H Pro TV BOX Android 12 Allwinner H618 4GB RAM 32GB ROM 2.4G+5G WIFI Bluetooth 5.0 HDMI in WiFi 6 - EU Plug
Android TV Boxes,https://img.gkbcdn.com/p/2022-09-27/Google-Certified-MECOOL-KM7-Amlogic-S905Y4-Android-11-AV1-TV-Box-517246-1._w280_.jpg,517246,6,https://www.geekbuying.com/item/Google-Certified-MECOOL-KM7-Amlogic-S905Y4-Android-11-AV1-TV-Box-517246.html,$59.99,,MECOOL KM7 TV Box Amlogic S905Y4 Quad Core 2GB RAM 16GB eMMC 2.4G+5G WIFI Bluetooth 4.2 Android 11 Google Certified AV1
Android TV Boxes,https://img.gkbcdn.com/p/2022-03-23/eba8250e1bd44ec5a4cdd9c994105a2f-498193-0._w280_.jpg,498193,7,https://www.geekbuying.com/item/D9-5G-TV-BOX-Android-10-0-Amlogic-S905L2-1G-RAM-8G-ROM-2-4G-5G-WIFI-Bluetooth-LAN-498193.html,$25.99,,D9 5G TV BOX Android 10.0 Amlogic S905L2 1G RAM 8G ROM 2.4G+5G WIFI Bluetooth LAN
Android TV Boxes,https://img.gkbcdn.com/p/2021-11-09/A95X-W2-Amlogic-S905W2-2GB-RAM-16GB-ROM-TV-Box-477874-0._w280_.jpg,477874,5,https://www.geekbuying.com/item/A95X-W2-Amlogic-S905W2-2GB-RAM-16GB-ROM-TV-Box-477874.html,$35.99,,A95X W2 TV BOX Amlogic S905W2 Quad core ARM Cortex-A35 2GB RAM 16GB eMMC 2.4G+5G WIFI Bluetooth 5.0 100M RJ45 Android 11
Android TV Boxes,https://img.gkbcdn.com/p/2022-06-17/H96-Max-TV-Box-Amlogic-S905X4-64-4G-RAM-64G-ROM-5G-WiFi-AV1-4K-EU-Plug-506250-0._w280_.jpg,506250,7,https://www.geekbuying.com/item/H96-Max-TV-Box-Amlogic-S905X4-64-4G-RAM-64G-ROM-5G-WiFi-AV1-4K-EU-Plug-506250.html,$49.99,4,H96 Max X4 4GB/64GB Amlogic S905X4 TV Box Android 11 AV1 Decoding ac WiFi 4K Miracast DLNA Airplay - EU Plug
Android TV Boxes,https://img.gkbcdn.com/p/2021-07-05/Hi96-V3-Android-9-0-Hi3798M-V310-1GB-8GB-TV-BOX-461096-0._w280_.jpg,461096,52,https://www.geekbuying.com/item/Hi96-V3-Android-9-0-Hi3798M-V310-1GB-8GB-TV-BOX-461096.html,$24.99,5,Hi96 V3 TV BOX Hi3798M V310 64Bit Android 9.0 4K TV Box 2.4G+5G WIFI 100M LAN
Windows Mini PCs,https://img.gkbcdn.com/p/2021-10-27/Beelink-T4-PRO-Intel-N3350-4GB-64GB-Windows-10-Mini-PC-475310-0._w280_.jpg,476637,67,https://www.geekbuying.com/item/Beelink-T4-PRO-Intel-N3350-4GB-64GB-Windows-10-Mini-PC-476637.html,$129.99,51,Beelink T4 PRO Intel Apollo Lake N3350 4GB RAM 64GB eMMC Windows 10 Mini PC 2.4G+5G WiFi Bluetooth Gigabit LAN USB3.0
Android TV Boxes,https://img.gkbcdn.com/p/2019-07-10/ugoos-am6-tv-box-amlogic-s922x-2g-16g-2-4g-5g-wifi-1000m-lan-bluebooth-1571990543016._w280_.jpg,418812,25,https://www.geekbuying.com/item/UGOOS-AM6-TV-BOX-Amlogic-S922X-2G-16G-2-4G-5G-WIFI-1000M-LAN-BlueBooth-418812.html,$129.99,2,UGOOS AM6 Amlogic S922X Android 9.0 TV BOX 2G/16G 2.4G+5G WIFI 1000M LAN Bluetooth 5.0 USB3.0 - Black
Android TV Boxes,https://img.gkbcdn.com/p/2021-11-30/TANIX-TX3-Mini--TV-BOX-2GB-RAM-16GB-ROM-479570-0._w280_.jpg,479570,13,https://www.geekbuying.com/item/TANIX-TX3-Mini--TV-BOX-2GB-RAM-16GB-ROM-479570.html,$39.99,1,TANIX TX3 Mini+ TV BOX Android 11 Amlogic S905W2 Quad Core ARM Cortex A35 2G RAM 16GB ROM 2.4G+5G WIFI 4K AV1
MINI PC Accessories & Gadgets,https://img.gkbcdn.com/p/2018-05-14/rii-x8-rgb-backlight-wireless-keyboard-touchpad-combo-1571988597150._w280_.jpg,397532,44,https://www.geekbuying.com/item/Rii-X8-RGB-Backlight-Wireless-Keyboard-Touchpad-Combo-397532.html,$24.99,,Rii X8 RGB Backlight 2.4G Mini Wireless QWERTY Keyboard Touchpad Combo with Multi Touch & Scroll Wheel
Android TV Boxes,https://img.gkbcdn.com/p/2019-12-09/tanix-tx6s-allwinner-h616-android-10-0-tv-box-2gb-16gb-20191209102616352._w280_.jpg,422181,81,https://www.geekbuying.com/item/TANIX-TX6S-Allwinner-H616-Android-10-0-TV-Box-2GB-8GB-422181.html,$29.99,6,TANIX TX6S Allwinner H616 Android 10.0 KODI TV Box 2GB/8GB 2.4G+5.8G WiFi LAN Bluetooth TF Card Slot USB 2.0x3
Windows Mini PCs,https://img.gkbcdn.com/p/2021-11-24/Minisforum-HX90-Mini-PC-16GB-RAM-512GB-SSD-479432-0._w280_.jpg,479432,11,https://www.geekbuying.com/item/MINISFORUM-HX90-Mini-PC-16GB-RAM-512GB-SSD-479432.html,$1099.99,,MINISFORUM HX90 Mini PC AMD Ryzen 9 5900HX 8 Cores/16 Threads AMD Radeon Graphics GPU 16GB RAM 512GB SSD Quad 4K Display
Android TV Boxes,https://img.gkbcdn.com/p/2022-10-10/H96-Max-V12-TV-Box-RK3318-Quad-core-2GB-16GB-Android-12-0-EU-517436-0._w280_.jpg,517436,2,https://www.geekbuying.com/item/H96-Max-V12-TV-Box-RK3318-Quad-core-2GB-16GB-Android-12-0-EU-517436.html,$31.99,,H96 Max V12 TV Box RK3318 Quad-core 2GB+16GB Android 12.0 Dual-band WiFi Bluetooth 4.0 STB Media Player - EU
MINI PC Accessories & Gadgets,https://img.gkbcdn.com/p/2017-10-21/mx3-6-axis-gyro-2-4g-wireless-air-mouse-1571972500789._w280_.jpg,387862,273,https://www.geekbuying.com/item/MX3-6-Axis-Gyro-2-4G-Wireless-Air-Mouse-387862.html,$9.99,27,MX3 6-Axis Gyro 2.4G Wireless Air Mouse QWERTY Keyboard Motion-Sensing Remote Control for Android/Windows/Mac OS/Linux Systems - Black
Windows Mini PCs,https://img.gkbcdn.com/p/2021-01-11/MINISFORUM-EliteMini-X400-8GB-256GB-Ryzen5-Pro-4650G-Mini-PC-427185-0._w280_.jpg,458100,37,https://www.geekbuying.com/item/MINISFORUM-EliteMini-X400-8GB-256GB-Ryzen5-Pro-4650G-Mini-PC-458100.html,$509.99,20,MINISFORUM EliteMini X400 8GB/256GB Ryzen5 Pro 4650G Mini PC Radeon Graphics 1900 MHz Windows 10 Pro Wifi 6 Gigabit LAN Bluetooth 5.1 HDMI 2.0
MINI PC Accessories & Gadgets,https://img.gkbcdn.com/p/2021-09-08/FD-iK6620-2-4G-472284-0._w280_.jpg,472284,6,https://www.geekbuying.com/item/FD-iK6620-2-4G-Wireless-Slim-Keyboard-Mouse-Combos-Black-472284.html,$39.99,,FD iK6620 2.4G Ergonomic Wireless Slim Keyboard Mouse Combos for Home Office - Black
Windows Mini PCs,https://img.gkbcdn.com/p/2020-11-27/MINISFORUM-DeskMini-UM700-8GB-128GB-Ryzen7-3750H-Radeon-Vega-10-GPU-426885-0._w280_.jpg,426885,24,https://www.geekbuying.com/item/MINISFORUM-UM700-8GB-128GB-Ryzen7-3750H-Radeon-Vega-10-GPU-426885.html,$579.99,8,MINISFORUM UM700 AMD Ryzen7 3750H Quad Core Mini PC 8GB DDR4 128GB SSD Windows 10 Pro Radeon Vega 10 Graphics WiFi 5 HDMI DP RJ45*2
Windows Mini PCs,https://img.gkbcdn.com/p/2020-11-25/MINISFORUM-DMAF5-AMD-Ryzen5-3550H-16GB-512GB-MINI-PC-426852-0._w280_.jpg,426853,19,https://www.geekbuying.com/item/MINISFORUM-DMAF5-AMD-Ryzen5-3550H-8GB-128GB-MINI-PC-426853.html,$529.99,11,MINISFORUM DMAF5 AMD Ryzen5 3550H 8GB DDR4 128GB SSD Mini PC Windows 10 Pro Radeon Vega 5 Graphics HDMI DP RJ45*2
Windows Mini PCs,https://img.gkbcdn.com/p/2022-04-12/GMKTEC-NucBox-KB5-Windows-11-4K-Mini-PC-intel-N5105-8GB-RAM-256GB-SSD-499490-0._w280_.jpg,499490,10,https://www.geekbuying.com/item/GMKTEC-NucBox-KB5-Windows-11-4K-Mini-PC-intel-N5105-8GB-RAM-256GB-SSD-499490.html,$269.99,,GMKTEC NucBox KB5 Windows 11 4K Mini PC Intel N5105 Intel UHD Graphics 8GB RAM 256GB SSD WiFi 6E HDMI 2.0 TYPEC-C
Windows Mini PCs,https://img.gkbcdn.com/p/2021-05-31/T-bao-MN27-Ryzen7-2700U-16GB-DDR4-512GB-NVME-SSD-Windows-10-Mini-PC-459875-0._w280_.jpg,459875,11,https://www.geekbuying.com/item/T-bao-MN27-Ryzen7-2700U-16GB-DDR4-512GB-NVME-SSD-Windows-10-Mini-PC-459875.html,$469.99,9,T-bao MN27 16GB DDR4 512GB NVME SSD Windows 10 Mini PC AMD Ryzen 7 2700U Radeon Vega 10 Graphics HDMI+DP
Android TV Boxes,https://img.gkbcdn.com/p/2020-10-03/H96-MAX-H616-Allwinner-H616-2GB-16GB-TV-Box-426404-0._w280_.jpg,426404,44,https://www.geekbuying.com/item/H96-MAX-H616-Allwinner-H616-2GB-16GB-TV-Box-426404.html,$34.99,6,H96 MAX H616 2GB/16GB Android 10 TV Box Allwinner H616  2.4G+5.8G WiFi 100Mbps LAN bluetooth
Android TV Boxes,https://img.gkbcdn.com/p/2019-12-20/x96-max--amlogic-s905x3-tv-box-4gb-32gb-8k-decode-1576831277285._w280_.jpg,422574,54,https://www.geekbuying.com/item/X96-MAX-Plus-Amlogic-S905x3-Android-9-0-8K-Video-Decode-TV-Box-4GB-32G-422574.html,$54.99,11,X96 MAX Plus 4GB/32GB Amlogic S905x3 Android 9.0 8K Video Decode TV Box Youtube Netflix Google Play 2.4G+5.8G WiFi Bluetooth 1000Mbps LAN USB3.0 - Black
Android TV Boxes,https://img.gkbcdn.com/p/2021-12-24/UGOOS-UT8-TV-BOX-RK3568-4GB-RAM-32GB-ROM-484654-0._w280_.jpg,484654,12,https://www.geekbuying.com/item/UGOOS-UT8-TV-BOX-RK3568-4GB-RAM-32GB-ROM-484654.html,$169.99,,UGOOS UT8 Android 11 MINI PC TV BOX RK3568 Quad-core A55 4GB RAM 32GB ROM WIFI6 Gigabit RJ45 SAMBA HDR
Android TV Boxes,https://img.gkbcdn.com/p/2020-03-02/H9-X3-TV-Box--Amlogic-S905x3-4G-64G-8K-Decode-898321-._w280_.jpg,423361,47,https://www.geekbuying.com/item/H9-X3-Amlogic-S905x3-4GB-64GB-Android-9-0-TV-Box-423361.html,$56.99,1,H9-X3 Amlogic S905x3 4GB/64GB Android 9.0 8K Video Decoding TV Box with Mobile Control Youtube Netflix Google Play 2.4G+5.8G WiFi Bluetooth LAN USB3.0 HDMI 2.1 - Black
Android TV Boxes,https://img.gkbcdn.com/p/2020-09-05/A95X-DB-Android-9-0-S905X3-B-4GB-32GB-TV-BOX-426144-0._w280_.jpg,426144,28,https://www.geekbuying.com/item/AX95-DB-Android-9-0-S905X3-B-4GB-32GB-TV-BOX-426144.html,$58.99,2,AX95 DB Android 9.0 S905X3-B 4GB/32GB TV BOX 8K HDR 10+ YouTube 4K  BDMV ISO DOLBY 2.4G+5G Dual Band WIFI 100M LAN
Android TV Boxes,https://img.gkbcdn.com/p/2022-09-02/Hakomini-Amlogic-S905Y4-Google-Certified-Android-TV-Netflix-4K-516461-0._w280_.jpg,516461,8,https://www.geekbuying.com/item/Hakomini-Amlogic-S905Y4-Google-Certified-Android-TV-Netflix-4K-516461.html,$59.99,3,Hakomini Amlogic S905Y4 Quad core 2GB RAM 8GB eMMC Google Certified Android 11 TV Box Netflix 4K AV1 5G WiFi Bluetooth 5.0 - EU Plug
Windows Mini PCs,https://img.gkbcdn.com/p/2018-11-24/minix-neo-z83-4-plus-intel-x5-z8350-windows10-4gb-64gb-mini-pc-1571981542293._w280_.jpg,410570,27,https://www.geekbuying.com/item/MINIX-NEO-Z83-4-Plus-Intel-X5-Z8350-Windows10-4GB-64GB-Mini-PC-410570.html,$239.99,,MINIX NEO Z83-4 Plus Intel Atom X5-Z8350 Windows 10 4GB/64GB Fanless Mini PC Dual Band WiFi Gigabit LAN USB3.0 HDMI + MINI DP
Android TV Boxes,https://img.gkbcdn.com/p/2022-10-12/T95-MAX-TV-BOX-Android-12-Allwinner-H618-2GB-RAM-16GB-ROM-EU-517820-0._w280_.jpg,517820,0,https://www.geekbuying.com/item/T95-MAX-TV-BOX-Android-12-Allwinner-H618-2GB-RAM-16GB-ROM-EU-517820.html,$33.99,,T95 MAX TV BOX Android 12 Allwinner H618 2GB RAM 16GB ROM 2.4G+5G WIFI Bluetooth 5.0 - EU
Android TV Boxes,https://img.gkbcdn.com/p/2021-10-14/H10-MAX-TV-BOX-Amlogic-S905W2-4GB-64GB-TV-Box-473486-0._w280_.jpg,473486,16,https://www.geekbuying.com/item/H10-MAX-TV-BOX-Amlogic-S905W2-4GB-64GB-TV-Box-473486.html,$51.99,2,"H10 MAX TV Box, 4GB RAM 64GB eMMC,  Android 11,  Amlogic S905W2,  AV1, 2.4G+5G WIFI, Bluetooth 4.1 100M"
Android TV Boxes,https://img.gkbcdn.com/p/2022-03-01/989b9d1915f448b69fd92968ca629aab-497259-0._w280_.jpg,497259,9,https://www.geekbuying.com/item/MECOOL-Home-Plus-KA1-4GB-32GB-DVB-TV-Box-Smart-Speaker-Combo-497259.html,$169.99,,"MECOOL Home Plus KA1 4GB/32GB DVB TV Box Smart Speaker Combo, Amlogic S905X4, Google Assistant, 4K Streaming, Smart Home Control"
Android TV Boxes,https://img.gkbcdn.com/p/2022-08-22/A95X-F3-Air-II-TV-BOX-Android-11-Amlogic-S905W2-Quad-Core-2-16GB-515451-0._w280_.jpg,515451,4,https://www.geekbuying.com/item/A95X-F3-Air-II-TV-BOX-Android-11-Amlogic-S905W2-Quad-Core-2-16GB-515451.html,$36.99,,A95X F3 Air II TV BOX Android 11 Amlogic S905W2 Quad Core ARM Cortex A53 2G RAM 16GB ROM 2.4G+5G WiFi 4K AV1 RGB Light
Windows Mini PCs,https://img.gkbcdn.com/p/2021-08-09/MINISFORUM-TL50-i5-1135G7-12GB-RAM-256GB-SSD-Windows10-Pro-Mini-PC-469803-0._w280_.jpg,469803,4,https://www.geekbuying.com/item/MINISFORUM-TL50-i5-1135G7-12GB-RAM-256GB-SSD-Windows10-Pro-Mini-PC-469803.html,$689.99,,MINISFORUM TL50 Intel Core i5-1135G7 12GB RAM 256GB SSD Windows 10 Pro Mini PC 5G WIFI 2.5G RJ45*2 SATA*2 HDMI DP TYPE-C
Windows Mini PCs,https://img.gkbcdn.com/p/2021-05-19/MINISFORUM-HM50-16GB-256GB-Ryzen5-4500U-Mini-PC-459802-0._w280_.jpg,459802,3,https://www.geekbuying.com/item/MINISFORUM-HM50-16GB-256GB-Ryzen5-4500U-Mini-PC-459802.html,$739.99,,MINISFORUM HM50 16GB RAM 256GB SSD Ryzen5 4500U WIFI6 2.5Gigabit LAN Mini PC HDMI+DP+Type-C
Windows Mini PCs,https://img.gkbcdn.com/p/2022-04-14/T-bao-MN48H-8-Cores-16-Threads-16GB-Windows-10-Mini-PC-499609-0._w280_.jpg,499609,0,https://www.geekbuying.com/item/T-bao-MN48H-8-Cores-16-Threads-16GB-Windows-10-Mini-PC-499609.html,$799.99,,T-bao MN48H AMD Ryzen™ 7 4800H 8 Cores 16 Threads 16GB RAM 512GB ROM DDR4 Windows 10 Mini PC RJ45 up to 1000M
Windows Mini PCs,https://img.gkbcdn.com/p/2022-04-14/T-bao-MN59H-AMD-Ryzen--9-5900HX-Windows-10-Mini-PC-499611-0._w280_.jpg,499611,7,https://www.geekbuying.com/item/T-bao-MN59H-AMD-Ryzen--9-5900HX-Windows-10-Mini-PC-499611.html,$729.99,,T-bao MN59H AMD Ryzen™ 9 5900HX 8 Cores 16 Threads 16GB RAM 512GB ROMDDR4-3200 Windows 10 Mini PC RJ45 Up to 1000M
Windows Mini PCs,https://img.gkbcdn.com/p/2021-03-06/GMK-NucBox2-i5-8259U-8G-RAM-256G-SSD-Windows10-Mini-PC-455771-0._w280_.jpg,455771,8,https://www.geekbuying.com/item/GMK-NucBox2-i5-8259U-8G-RAM-256G-SSD-Windows10-Mini-PC-455771.html,$423.99,25,GMK NucBox2 Intel Core i5-8259U 8GB RAM 256GB SSD Licensed Windows 10 Mini PC WIFI 5 RJ45 SATA HDMI*2
Windows Mini PCs,https://img.gkbcdn.com/p/2022-04-14/AMD-Ryzen--5-4500U-Windows-10-Mini-PC-499607-0._w280_.jpg,499607,1,https://www.geekbuying.com/item/T-bao-MN45-AMD-Ryzen--5-4500U-Windows-10-Mini-PC-8GB-499607.html,$449.99,,T-bao MN45 AMD Ryzen™ 5 4500U 8GB RAM 6 Cores 6 Threads SSD Licensed Windows 10 Mini PC Support RJ45 1000M*2 WiFi Bluetooth
Windows Mini PCs,https://img.gkbcdn.com/p/2021-10-27/Beelink-GT-R-Ryzen7-3750H-Radeon-Vega-10-Graphics-Mini-PC-475304-0._w280_.jpg,475304,8,https://www.geekbuying.com/item/Beelink-GT-R-Ryzen7-3750H-Radeon-Vega-10-Graphics-Mini-PC-475304.html,$689.99,,Beelink GT-R MINI PC AMD Ryzen7 3750H Quad Core Radeon Vega 10 Graphics 8GB RAM 256GB SSD 1T HDD HDMI*2 DP RJ45*2 Type-C
Windows Mini PCs,https://img.gkbcdn.com/p/2021-01-11/MINISFORUM-X300-AMD-Ryzen5-Pro-3400GE-16GB-256GB-Mini-PC-427227-0._w280_.jpg,427227,17,https://www.geekbuying.com/item/MINISFORUM-X300-AMD-Ryzen5-Pro-3400GE-16GB-256GB-Mini-PC-427227.html,$669.99,6,MINISFORUM X300 AMD Ryzen 5 PRO 3400GE 16GB/256GB Mini PC Windows 10 Pro Radeon Vega 11 Graphics HDMI DP
Windows Mini PCs,https://img.gkbcdn.com/p/2021-11-27/Minisforum-JB95-Mini-PC-8GB-RAM-128GB-SSD-479552-0._w280_.jpg,479552,2,https://www.geekbuying.com/item/MINISFORUM-JB95-Mini-PC-8GB-RAM-128GB-SSD-479552.html,$329.99,,MINISFORUM JB95 Mini PC Windows 10 Pro intel Celeron N5095 4 Cores/4 Threads 8GB RAM 128GB SSD HDMI DP Type-c WIFI
Windows Mini PCs,https://img.gkbcdn.com/p/2022-04-14/T-bao-MN32-AMD-R3-3200U-Windows-10-Mini-PC-8-128GB-499613-0._w280_.jpg,499613,3,https://www.geekbuying.com/item/T-bao-MN32-AMD-R3-3200U-Windows-10-Mini-PC-8-128GB-499613.html,$319.99,,T-bao MN32 AMD R3 3200U 2 Cores 4 Threads 8GB RAM 128GB ROM Windows 10 Mini PC RJ45 up to 1000M WiFi Bluetooth
Windows Mini PCs,https://img.gkbcdn.com/p/2021-03-06/MINISFORUM-U820-i5-8259U-8G-RAM-256G-Windows10-Mini-PC-455772-0._w280_.jpg,455772,4,https://www.geekbuying.com/item/MINISFORUM-U820-i5-8279U-8G-RAM-256G-Windows10-Mini-PC-455772.html,$539.99,,MINISFORUM U820 Intel Core i5-8279U 8GB RAM 256GB SSD Licensed Windows 10 Pro Mini PC WIFI 6 2.5G LAN SATA*2 RJ45*2 HDMI DP
Windows Mini PCs,https://img.gkbcdn.com/p/2022-04-14/T-bao-MN37-AMD-R7-3750H-Windows-10-Mini-PC-8GB-DDR4-RAM-256GB-ROM-499604-0._w280_.jpg,499604,0,https://www.geekbuying.com/item/T-bao-MN37-AMD-R7-3750H-Windows-10-Mini-PC-8GB-DDR4-RAM-256GB-ROM-499604.html,$449.99,,"T-bao MN37 AMD R7 3750H 4 Cores 8 Thread, Windows 10 Mini PC 8GB DDR4 RAM 256GB ROM Support HD Display, 5 USB Ports"
Windows Mini PCs,https://img.gkbcdn.com/p/2022-04-14/T-bao-MN27-AMD-Ryzen--7-2700U-4-Cores-8-Threads-8GB-499616-0._w280_.jpg,499616,2,https://www.geekbuying.com/item/T-bao-MN27-AMD-Ryzen--7-2700U-4-Cores-8-Threads-8GB-499616.html,$359.99,,T-bao MN27 AMD Ryzen™ 7 2700U 4 Cores 8 Threads 8GB RAM DDR4 128GB ROM Windows 10 Mini PC RJ45 Up to 1000M WiFi BT
Windows Mini PCs,https://img.gkbcdn.com/p/2021-12-28/Minisforum-EliteMini-X500-Mini-PC-8GB-256GB-Ryzen5-5600G-488587-0._w280_.jpg,488587,0,https://www.geekbuying.com/item/MINISFORUM-EliteMini-X500-Mini-PC-8GB-256GB-Ryzen5-5600G-488587.html,$829.99,,MINISFORUM EliteMini X500 Mini PC 8GB DDR4 256GB SSD AMD Ryzen5 5600G Hexa Core Radeon Graphics HDMI DP
Windows Mini PCs,https://img.gkbcdn.com/p/2022-04-28/MINISFORUM-EliteMini-X400-8GB-256GB-Ryzen5-Pro-4650G-Radeon-Graphics-500035-0._w280_.jpg,500035,2,https://www.geekbuying.com/item/MINISFORUM-EliteMini-X400-8GB-256GB-Ryzen5-Pro-4650G-Radeon-Graphics-500035.html,$539.99,,MINISFORUM EliteMini X400 MINI PC 8GB DDR4 256GB SSD AMD Ryzen5 Pro 4650G Hexa Core Radeon Graphics HDMI DP
Windows Mini PCs,https://img.gkbcdn.com/p/2021-07-27/MINISFOURM-GK50-8GB-128GB-N5030-Windows10-Mini-PC-462994-0._w280_.jpg,462994,16,https://www.geekbuying.com/item/MINISFORUM-GK50-8GB-128GB-N5030-Windows10-Mini-PC-462994.html,$269.99,,MINISFORUM GK50 Windows10 Mini PC Gemini Lake-R N5030 Quad Core 8GB RAM 128GB SSD 2.4G+5G WIFI HDMI+DP RJ45*2
Android TV Boxes,https://img.gkbcdn.com/p/2019-11-05/x88-king-amlogic-s922x-android-9-0-tv-box-4gb-128gb-color-1574132438201._w280_.jpg,421055,66,https://www.geekbuying.com/item/X88-King-Amlogic-S922X-Android-9-0-TV-BOX-4GB-128GB-421055.html,$109.99,8,X88 King Amlogic S922X Android 9.0 TV BOX 4GB/128GB eMMC 2.4G+5G WIFI Bluetooth 5.0 USB3.0 Gigabit LAN Optical
Android TV Boxes,https://img.gkbcdn.com/p/2018-12-08/a95x-max-amlogic-s905x2-android-8-1-4gb-64gb-tv-box-1571992295990._w280_.jpg,413448,178,https://www.geekbuying.com/item/A95X-MAX-II-Amlogic-S905X3-4GB-64GB-Android-9-0-TV-Box-413448.html,$79.99,34,A95X MAX II Amlogic S905X3 4GB/64GB Android 9.0 TV Box 2.4G/5G WIFI Bluetooth Gigabit LAN Supports SATA HDD
Windows Mini PCs,https://img.gkbcdn.com/p/2020-04-20/Beelink-U57-i5-5257U-8GB-256GB-Windows10-Mini-PC-902341-._w280_.jpg,424680,161,https://www.geekbuying.com/item/Beelink-U57-i5-5257U-8GB-256GB-Windows10-Mini-PC-424680.html,$319.99,29,Beelink U57 Intel Core i5-5257U 8GB RAM 256GB SSD Licensed Windows 10 Mini PC Intel Iris Graphics 6100 2.4G+5G WIFI Bluetooth 1000Mbps LAN 2xHDMI
Windows Mini PCs,https://img.gkbcdn.com/p/2021-06-11/Beelink-GT-R-Ryzen7-3750H-16GB-512GB-MINI-PC-459953-0._w280_.jpg,459953,22,https://www.geekbuying.com/item/Beelink-GT-R-Ryzen7-3750H-16GB-512GB-MINI-PC-459953.html,$639.99,,Beelink GT-R MINI PC 16GB RAM 512GB SSD Ryzen7 3750H Quad Core Radeon Vega 10 Graphics Windows 10 Pro HDMI*2 DP RJ45*2 Type-C
Windows Mini PCs,https://img.gkbcdn.com/p/2018-09-19/beelink-bt3-pro-ii-intel-atom-x5-z8350-4gb-64gb-mini-pc-1574132898311._w280_.jpg,412467,90,https://www.geekbuying.com/item/Beelink-BT3-PRO-II-Intel-Atom-X5-Z8350-4GB-64GB-Mini-PC-412467.html,$109.99,22,Beelink BT3 PRO II Intel Atom X5-Z8350 4GB/64GB Mini PC Dual Band WIFI Gigabit LAN Bluetooth USB3.0 HDMI VGA
Windows Mini PCs,https://img.gkbcdn.com/p/2021-01-22/minisforum-um250-mini-pc-16gb-512gb-amd-ryzen5-2500u-mini-pc-1611305564235._w280_.jpg,458893,23,https://www.geekbuying.com/item/MINISFORUM-UM250-MINI-PC-16GB-512GB-AMD-Ryzen5-2500U-Mini-PC-458893.html,$489.99,13,MINISFORUM UM250 MINI PC 16GB/512GB AMD Ryzen5 2500U Mini PC Windows 10 Pro Radeon Vega 8 Graphics
Windows Mini PCs,https://img.gkbcdn.com/p/2021-03-03/GMK-NucBox-Windows-10-4K-Mini-PC-intel-J4125-8GB-RAM-128GB-SSD-455570-2._w280_.jpg,457904,51,https://www.geekbuying.com/item/GMK-NucBox-Windows-10-4K-Mini-PC-intel-J4125-8GB-RAM-256GB-SSD-457904.html,$209.99,34,GMK NucBox Windows 10 4K Mini PC Intel J4125 Intel HD Graphics 600 8GB RAM 256GB SSD 2.4G/5G WiFi HDMI 2.0
Android TV Boxes,https://img.gkbcdn.com/p/2020-06-05/Beelink-GS-King-X-S922X-H-Android-9-0-TV-BOX-4G-64G-NAS-Dolby-DTS-906211-._w280_.jpg,425816,51,https://www.geekbuying.com/item/Beelink-GS-King-X-S922X-H-4GB-64GB-NAS-Dolby-DTS-4K-TV-Box-425816.html,$259.99,15,Beelink GS-King X S922X-H 4GB DDR4/64GB eMMC 4K 60fps TV Box Supports 2*3.5 inch HDD NAS dolby DTS Android 9.0 2.4G+5.8G WIFI Gigabit LAN
Android TV Boxes,https://img.gkbcdn.com/p/2016-11-11/-official-international-version--xiaomi-mi-box-c120-german-air-mouse-1571992478484._w280_.jpg,393323,88,https://www.geekbuying.com/item/-Official-International-Version--XIAOMI-Mi-Box-393323.html,$49.99,9,XIAOMI 4K Mi Box Android TV 8.0 Oreo Set-top Box
Windows Mini PCs,https://img.gkbcdn.com/p/2020-09-28/Beelink-GK55-8GB-256GB-J4125-Windows10-Mini-PC-426379-0._w280_.jpg,426805,116,https://www.geekbuying.com/item/Beelink-GK55-8GB-256GB-J4125-Windows10-Mini-PC-426805.html,$199.99,25,Beelink GK55 Windows10 Mini PC Gemini Lake-R J4125 Quad Core 8GB RAM 256GB SSD 2.4G+5G WIFI HDMI*2 RJ45*2
Android TV Boxes,https://img.gkbcdn.com/p/2019-10-24/a95x-f3-air-amlogic-s905x3-android-9-0-8k-video-decode-tv-box-4gb-32gb-1574132894243._w280_.jpg,420716,172,https://www.geekbuying.com/item/A95X-F3-Air-Amlogic-S905x3-Android-9-0-8K-Video-Decode-TV-Box-4GB-32GB-420716.html,$46.99,54,A95X F3 Air Amlogic S905x3 4GB/32GB Android 9.0 8K Video Decode TV Box RGB Light 2.4G+5G MIMO WiFi Bluetooth LAN USB3.0 4K Youtube
MINI PC Accessories & Gadgets,https://img.gkbcdn.com/p/2017-11-22/c120-6-axis-gyro-2-4g-wireless-air-mouse-arabic-version-1571975568424._w280_.jpg,389542,13,https://www.geekbuying.com/item/C120-6-Axis-Gyro-2-4G-Wireless-Air-Mouse-Arabic-Version-389542.html,$9.99,1,C120 Arabic Version 6-Axis Gyro 2.4G Wireless Air Mouse QWERTY Keyboard for Android/Windows/Mac OS/Linux Systems - Black
MINI PC Accessories & Gadgets,https://img.gkbcdn.com/p/2016-10-20/t2-6-axis-somatosensory-flying-mouse-2-4ghz-wireless-remote-control---black-1571976301747._w280_.jpg,373363,57,https://www.geekbuying.com/item/T2-6-axis-Somatosensory-Flying-Mouse-2-4GHz-Wireless-Remote-Control---Black-373363.html,$9.59,2,T2 6-axis Somatosensory Flying Mouse 2.4GHz Wireless Remote Control - Black
MINI PC Accessories & Gadgets,https://img.gkbcdn.com/p/2017-12-30/i8-tri-color-backlight-2-4ghz-wireless-keyboard--1571982141306._w280_.jpg,391234,241,https://www.geekbuying.com/item/i8-Tri-color-Backlight-2-4Ghz-Wireless-Keyboard-391234.html,$11.99,8,I8 Tri-color Backlight 2.4Ghz Wireless Air Mouse Mini Keyboard Touchpad Smart Remote for PC/Android TV Box/HTPC/Smart TV - Black
MINI PC Accessories & Gadgets,https://img.gkbcdn.com/p/2017-10-09/mx3-2-4g-backlight-6-axis-gyro-air-mouse-1572249025870._w280_.jpg,386960,140,https://www.geekbuying.com/item/MX3-2-4G-Backlight-6-Axis-Gyro-Air-Mouse-386960.html,$9.99,24,MX3 2.4G Backlight 6-Axis Gyro Air Mouse Motion-Sensing Wireless Keyboard for TV Box/Projector/HTPC/All-in-one PC/TV - Black
Windows Mini PCs,https://img.gkbcdn.com/p/2021-10-27/Beelink-SER3-Mini-PC-AMD-Ryzen-7-8GB-RAM-256GB-SSD-475306-0._w280_.jpg,475306,11,https://www.geekbuying.com/item/Beelink-SER3-Mini-PC-AMD-Ryzen-7-8GB-RAM-256GB-ROM-475306.html,$489.99,4,Beelink SER3 Mini PC AMD Ryzen 7 3750H 8GB RAM 256GB SSD ROM Radeon RX Vega 10 Graphics Windows 10 HDMI*2 Type-C
Windows Mini PCs,https://img.gkbcdn.com/p/2021-11-24/Minisforum-HM80-Mini-PC-16GB-RAM-512GB-SSD-479435-0._w280_.jpg,479435,6,https://www.geekbuying.com/item/MINISFORUM-HM80-Mini-PC-16GB-RAM-512GB-SSD-479435.html,$1049.99,,MINISFORUM HM80 Mini PC AMD Ryzen 7 4800U 8 Cores/16 Threads AMD Radeon Graphics GPU 16GB RAM 512GB SSD Quad 4K Displays
MINI PC Accessories & Gadgets,https://img.gkbcdn.com/p/2017-11-25/mx3-l-m-backlight-voice-input-2-4ghz-wireless-air-mouse-1571989128244._w280_.jpg,389771,246,https://www.geekbuying.com/item/MX3-L-M-Backlight-Voice-Input-2-4GHz-Wireless-Air-Mouse-389771.html,$13.99,11,MX3-L-M Backlight & Voice Input 6-Axis Gyro 2.4GHz Wireless Air Mouse QWERTY Keyboard with IR Learning Remote Control for Android/Windows/Linux Systems - Black
MINI PC Accessories & Gadgets,https://img.gkbcdn.com/p/2018-08-24/gtmedia-v8-finder-bt03-dvb-s2-digital-satellite-finder-receiver-1571977293800._w280_.jpg,403299,51,https://www.geekbuying.com/item/GTMEDIA-V8-Finder-BT03-DVB-S2-Digital-Satellite-Finder-Receiver-403299.html,$19.99,3,GTMEDIA V8 Finder BT03 DVB-S2 Digital Satellite TV Receiver for Smartphones
MINI PC Accessories & Gadgets,https://img.gkbcdn.com/p/2018-08-04/2-4g-wireless-air-mouse-voice-input-6-axis-for-android-1571973195043._w280_.jpg,402132,143,https://www.geekbuying.com/item/2-4G-Wireless-Air-Mouse-Voice-Input-6-axis-for-Android-402132.html,$9.99,6,2.4G Wireless Air Mouse Fidelity Voice Input 6-axis Gyroscope for Android - Black
Android TV Boxes,https://img.gkbcdn.com/p/2022-09-26/X98H-TV-BOX-Android-12-Allwinner-H618-4GB-RAM-32GB-ROM-WIFI-6-517227-0._w280_.jpg,517227,3,https://www.geekbuying.com/item/X98H-TV-BOX-Android-12-Allwinner-H618-4GB-RAM-32GB-ROM-WIFI-6-517227.html,$48.99,,X98H TV BOX Android 12 Allwinner H618 4GB RAM 32GB ROM Bluetooth 5.2 WiFi 6 - EU Plug
Android TV Boxes,https://img.gkbcdn.com/p/2019-04-02/mecool-km3-amlogic-s905x2-android-9-0-4gb-64gb-4k-tv-box-1571984132923._w280_.jpg,416568,44,https://www.geekbuying.com/item/MECOOL-KM3-Amlogic-S905X2-Android-9-0-4GB-64GB-4K-TV-Box-416568.html,$89.99,10,MECOOL KM3 Google Certified Amlogic S905X2 Android TV 9.0 OS 4GB DDR4 64GB eMMC YouTube 4K TV Box  with Voice Remote Dual Band WiFi LAN Bluetooth USB 3.0
MINI PC Accessories & Gadgets,https://img.gkbcdn.com/p/2017-11-25/mx3-l-m-backlight-voice-input-2-4ghz-wireless-air-mouse-1571989128244._w280_.jpg,425371,86,https://www.geekbuying.com/item/MX3-L-M-Backlight-Voice-Input-2-4GHz-Wireless-Air-Mouse-425371.html,$13.99,15,MX3-L-M Backlight & Voice Input 6-Axis Gyro 2.4GHz Wireless Air Mouse QWERTY Keyboard with IR Learning Remote Control for Android/Windows/Linux Systems - Black
MINI PC Accessories & Gadgets,https://img.gkbcdn.com/p/2017-09-29/minix-neo-c-dgr-multiport-adapter-gray-1571984743964._w280_.jpg,406149,23,https://www.geekbuying.com/item/MINIX-NEO-C-DGR-Multiport-Adapter-Gray-406149.html,$49.99,3,MINIX NEO C-DGR USB-C Multiport Adapter with HDMI Output for Apple MacBook Pro TV Box - Gray
Android TV Boxes,https://img.gkbcdn.com/p/2020-03-02/X88-PRO-X3-TV-Box--Amlogic-S905x3-4G-64G-8K-Decode-898201-._w280_.jpg,423974,79,https://www.geekbuying.com/item/X88-PRO-X3-Amlogic-S905x3-4GB-64GB-TV-Box-Black-423974.html,$54.99,32,X88 PRO X3 Amlogic S905x3 4GB/64GB 8K Video Decode TV Box with OTA Update Youtube 2.4G+5.8G WiFi Bluetooth 1000Mbps LAN USB3.0 HDMI 2.1 - Black
Android TV Boxes,https://img.gkbcdn.com/p/2019-11-15/h10-play-tv-box-android9-0-allwinner-h6-4gb-32gb-2-4g-wifi-usb3-0-1574132798748._w280_.jpg,421494,30,https://www.geekbuying.com/item/H10-Play-Allwinner-H6-Android-9-0-6K-TV-Box-4GB-32GB-421494.html,$36.99,4,H10 Play Allwinner H6 Android 9.0 6K TV Box 4GB/32GB USB3.0 WiFi LAN Youtube Netflix AirPlay - Black
Android TV Boxes,https://img.gkbcdn.com/p/2019-10-24/a95x-f3-air-amlogic-s905x3-android-9-0-8k-video-decode-tv-box-2gb-16gb-1574132898405._w280_.jpg,420712,73,https://www.geekbuying.com/item/A95X-F3-Air-Amlogic-S905x3-Android-9-0-8K-Video-Decode-TV-Box-2GB-16GB-420712.html,$39.99,13,A95X F3 Air Amlogic S905x3 2GB/16GB Android 9.0 8K Video Decode TV Box RGB Light 2.4G+5G MIMO WiFi Bluetooth LAN USB3.0 4K Youtube
Android TV Boxes,https://img.gkbcdn.com/p/2019-12-21/H10-MAX-Allwinner-H616-4GB-32GB-TV-Box-894244-._w280_.jpg,422598,75,https://www.geekbuying.com/item/H10-MAX-Android-10-0-Allwinner-H616-6K-TV-Box-4GB-32GB-422598.html,$34.99,3,H10 MAX Android 10.0 Allwinner H616 6K TV Box 4GB/32GB Airplay USB2.0*3 WiFi LAN Google Play Youtube Netflix Facebook - Black
Android TV Boxes,https://img.gkbcdn.com/p/2021-01-08/mecool-km6-amlogic-s905x4-android-10-0-tv-box-2gb-16gb-classic-edition-1610094917771._w280_.jpg,427149,30,https://www.geekbuying.com/item/MECOOL-KM6-Amlogic-S905X4-Android-10-0-TV-Box-2GB-16GB-427149.html,$69.99,17,MECOOL KM6 Classic Amlogic S905X4 Android 10.0 TV Box 2GB/16GB 4K HDR ATV 2T2R WiFi Supports for Netflix YouTube
Android TV Boxes,https://img.gkbcdn.com/p/2019-07-10/ugoos-am6-tv-box-amlogic-s922x-2g-16g-2-4g-5g-wifi-1000m-lan-bluebooth-1574132540643._w280_.jpg,417524,72,https://www.geekbuying.com/item/UGOOS-AM6-TV-BOX-Amlogic-S922X-2G-16G-2-4G-5G-WIFI-1000M-LAN-BlueBooth-417524.html,$129.99,13,UGOOS AM6 Amlogic S922X Android 9.0 TV BOX 2G/16G 2.4G+5G WIFI 1000M LAN Bluetooth 5.0 USB3.0 - Black
Android TV Boxes,https://img.gkbcdn.com/p/2019-03-22/tanix-tx6-allwinner-h6-android-9-0-4gb-64gb-tv-box-1571982459470._w280_.jpg,415190,62,https://www.geekbuying.com/item/TANIX-TX6-Allwinner-H6-Android-9-0-4GB-64GB-TV-Box-415190.html,$49.99,11,TANIX TX6 Allwinner H6 Android 9.0 4GB/64GB 6K TV Box with LED Display Dual Band WiFi LAN Bluetooth USB3.0
Android TV Boxes,https://img.gkbcdn.com/p/2019-10-29/a95x-f3-slim-amlogic-s905x3-8k-video-decode-tv-box-4gb-64gb-1574132444326._w280_.jpg,420852,44,https://www.geekbuying.com/item/A95X-F3-Slim-Amlogic-S905x3-8K-Video-Decode-TV-Box-4GB-64GB-420852.html,$39.99,10,A95X F3 Slim 4GB/64GB Amlogic S905x3 Android 9.0 8K Video Decode TV Box USB3.0 2.4G+5G MIMO WiFi Bluetooth LAN 4K Youtube
Android TV Boxes,https://img.gkbcdn.com/p/2019-05-11/h96-max-rk3318-android-9-0-4gb-64gb-4k-tv-box-1574132538025._w280_.jpg,416387,281,https://www.geekbuying.com/item/H96-MAX-RK3318-Android-9-0-4GB-64GB-4K-TV-Box-416387.html,$46.99,20,H96 MAX RK3318 Android 9.0 4GB/64GB 4K TV Box 2.4G/5G Wifi LAN Bluetooth
Android TV Boxes,https://img.gkbcdn.com/p/2019-04-02/mecool-km3-amlogic-s905x2-android-9-0-4gb-64gb-4k-tv-box-1571984266046._w280_.jpg,415430,151,https://www.geekbuying.com/item/MECOOL-KM3-Amlogic-S905X2-Android-9-0-4GB-64GB-4K-TV-Box-415430.html,$79.99,39,MECOOL KM3 Google Certified Amlogic S905X2 Android TV 9.0 OS 4GB DDR4 64GB eMMC YouTube 4K TV Box  with Voice Remote Dual Band WiFi LAN Bluetooth USB 3.0
Android TV Boxes,https://img.gkbcdn.com/p/2019-10-10/x96-air-amlogic-s905x3-android-9-0-tv-box-4gb-32gb-8k-decode-1574132428414._w280_.jpg,420281,86,https://www.geekbuying.com/item/X96-Air-Amlogic-S905x3-Android-9-0-TV-Box-4GB-32GB-8K-Decode-420281.html,$56.99,18,X96 Air 4GB DDR3 32GB eMMC Amlogic S905x3 8K Video Decode Android 9.0 TV Box 2.4G+5.8G WiFi Bluetooth LAN USB3.0
MINI PC Accessories & Gadgets,https://img.gkbcdn.com/p/2018-12-20/c120-6-axis-gyro-2-4g-mini-air-mouse-1571990034381._w280_.jpg,411814,22,https://www.geekbuying.com/item/C120-6-Axis-Gyro-2-4G-Mini-Air-Mouse-411814.html,$8.99,1,C120 6-Axis Gyro Mini Wireless Air Mouse 2.4G WiFi QWERTY Keyboard for Android/Windows/Mac OS/Linux Systems - Black
Android TV Boxes,https://img.gkbcdn.com/p/2021-03-16/h10-max-android-10-0-allwinner-h616-6k-tv-box-2gb-16gb-1615863363327._w280_.jpg,456417,38,https://www.geekbuying.com/item/H10-MAX-Android-10-0-Allwinner-H616-6K-TV-Box-2GB-16GB-456417.html,$25.99,34,H10 MAX+ Allwinner H313 Android 10.0 TV BOX 2GB/16GB 2.4G+5G WIFI HDMI AV RJ45 USB2.0
Android TV Boxes,https://img.gkbcdn.com/p/2022-03-05/mecool-kt1-dvb-t-t2-s905x4-android-tv-10-0-box-3c2af1-1646464366611._w280_.png,459608,49,https://www.geekbuying.com/item/MECOOL-KT1-DVB-T-T2-S905X4-Android-TV-10-0-BOX-459608.html,$85.99,7,MECOOL KT1 DVB-T/T2 S905X4 Android TV 10.0 BOX 2G RAM 16G ROM 2.4G+5G WIFI Bluetooth
Android TV Boxes,https://img.gkbcdn.com/p/2019-10-09/x96-mini-android-7-1-2-amlogic-s905w-4k-tv-box-2gb-16gb-1571994654798._w280_.jpg,391460,263,https://www.geekbuying.com/item/X96-MINI-Android-7-1-2-Amlogic-S905W-4K-TV-BOX-2GB-16GB-391460.html,$26.99,101,X96 MINI Android 7.1.2 Amlogic S905W 4K KODI 17.3 TV BOX with IR Receiver 2GB/16GB WIFI LAN HDMI
Android TV Boxes,https://img.gkbcdn.com/p/2020-04-01/MECOOL-KM1-Collective-Amlogic-S905X3-4GB-64GB-Android-9-0-TV-BOX-Black-901042-._w280_.jpg,425802,39,https://www.geekbuying.com/item/MECOOL-KM1-S905X3-2GB-16GB-Android-9-0-TV-BOX-425802.html,$48.99,11,MECOOL KM1 Google Certified Amlogic S905X3 2GB/16GB Android 9.0 TV BOX 2.4G+5G WIFI Bluetooth USB3.0 Built-in Chromecast On Key To Start YouTube Prime Video Google Play Google Assistant - Black
Windows Mini PCs,https://img.gkbcdn.com/p/2021-10-27/Beelink-U59-Mini-PC-Intel-N5095-16GB-RAM-512GB-SSD-475309-0._w280_.jpg,476636,59,https://www.geekbuying.com/item/Beelink-U59-Mini-PC-Intel-N5095-2-4G-5G-WIFI-Bluetooth-1000Mbps-LAN-476636.html,$289.99,29,Beelink U59 Mini PC Intel Jasper Lake N5095 16GB RAM/512GB SSD 2.4G+5G WIFI Bluetooth 1000Mbps LAN 2xHDMI
Android TV Boxes,https://img.gkbcdn.com/p/2021-06-11/MECOOL-KA2-S905X4-Android-TV-10-0-TV-BOX-with-1080P-Camera-Mic-459954-0._w280_.jpg,459954,19,https://www.geekbuying.com/item/MECOOL-KA2-S905X4-Android-TV-10-0-TV-BOX-with-1080P-Camera-Mic-459954.html,$125.99,,MECOOL KA2 Android TV 10.0 TV BOX with 1080P Camera Mic S905X4 2GB RAM 16GB ROM 2.5G+5G WIFI Bluetooth
Android TV Boxes,https://img.gkbcdn.com/p/2022-08-23/Android-11-Amlogic-S905X4-8K-HDR-4GB-32GB-TV-BOX-515657-0._w280_.jpg,515657,13,https://www.geekbuying.com/item/Android-11-Amlogic-S905X4-8K-HDR-4GB-32GB-TV-BOX-EU-Plug-515657.html,$65.99,,TOX3 Android 11 TV Box Amlogic S905X4 8K HDR 4GB/32GB TV BOX 2.4G+5G WiFi Bluetooth 4.1 1000M LAN - EU Plug
Android TV Boxes,https://img.gkbcdn.com/p/2022-05-03/MECOOL-KA2-2GB-16GB-Android-TV-10-0-TV-BOX-S905X4-500210-0._w280_.jpg,500210,4,https://www.geekbuying.com/item/MECOOL-KA2-2GB-16GB-Android-TV-10-0-TV-BOX-S905X4-500210.html,$125.99,,MECOOL KA2 Android TV 10.0 TV BOX with camera S905X4 2G RAM 16G ROM 2.5G+5G WIFI Bluetooth Video calling speaker MIC
Android TV Boxes,https://img.gkbcdn.com/p/2019-06-22/beelink-gt-king-amlogic-s922x-android-9-4gb-64gb-tv-box-1571994308879._w280_.jpg,416147,362,https://www.geekbuying.com/item/Beelink-GT-King-Amlogic-S922X-Android-9-4GB-64GB-TV-Box-416147.html,$129.99,39,Beelink GT-King Amlogic S922X 2.2GHz Android 9.0 Dual System 4GB DDR4 64GB eMMC 4K TV Box with 2.4G Air Mouse WiFi 6 Gigabit LAN Bluetooth USB3.0
Windows Mini PCs,https://img.gkbcdn.com/p/2022-06-07/Beelink-MINI-S-Mini-PC-Intel-N5095-8GB-RAM-256GB-SSD-EU-Adapter-501589-0._w280_.jpg,501589,1,https://www.geekbuying.com/item/Beelink-MINI-S-Mini-PC-Intel-N5095-8GB-RAM-256GB-SSD-EU-Adapter-501589.html,$219.99,7,Beelink MINI S Mini PC Intel Jasper Lake N5095 8GB RAM/256GB SSD 2.4G+5G WiFi Bluetooth 1000Mbps LAN 2xHDMI - EU Adapter
Android TV Boxes,https://img.gkbcdn.com/p/2022-09-02/T95Z-Plus-TV-BOX-Android-12-Allwinner-H618-4GB-RAM-32GB-ROM-WIFI-6-516648-0._w280_.jpg,516648,4,https://www.geekbuying.com/item/T95Z-Plus-TV-BOX-Android-12-Allwinner-H618-4GB-RAM-32GB-ROM-WIFI-6-516648.html,$50.99,,T95Z Plus TV BOX Android 12 Allwinner H618 4GB RAM 32GB ROM 2.4G+5G WIFI Bluetooth 5.0 WiFi 6 - EU Plug
Android TV Boxes,https://img.gkbcdn.com/p/2019-07-02/h6-tv-box-android9-0-allwinner-h6-4gb-32gb-2-4g-wifi-usb3-0-1574132568280._w280_.jpg,417667,20,https://www.geekbuying.com/item/H6-TV-Box-Android9-0-Allwinner-H6-4GB-32GB-2-4G-WIFI-USB3-0-417667.html,$43.99,3,H6 Allwinner H6 Android9.0 4G/32G 6K HDR TV Box 2.4G WiFi 100Mbps LAN USB3.0 - Black
Windows Mini PCs,https://img.gkbcdn.com/p/2021-03-06/MINISFORUM-U850-i5-10210U-8G-RAM-256G-Windows10-Mini-PC-455774-0._w280_.jpg,455774,10,https://www.geekbuying.com/item/MINISFORUM-U850-i5-10210U-8G-RAM-256G-Windows10-Mini-PC-455774.html,$669.99,11,MINISFORUM U850 Intel Core i5-10210U 8GB RAM 256GB SSD Licensed Windows 10 Pro Mini PC WIFI 6 2.5G LAN SATA*2 RJ45*2 HDMI DP
Android TV Boxes,https://img.gkbcdn.com/p/2018-03-02/ugoos-am3-amlogic-s912-android-6-0-2g-16g-tv-box-1571982279019._w280_.jpg,376986,15,https://www.geekbuying.com/item/UGOOS-AM3-Amlogic-S912-Android-6-0-2G-16G-TV-BOX-376986.html,$111.99,,UGOOS AM3 Amlogic S912 Android 6.0 2GB/16GB TV BOX 4K UHD Dual Band WiFi Gigabit LAN Bluetooth
Android TV Boxes,https://img.gkbcdn.com/p/2019-10-29/t95-max--amlogic-s905x3-android-9-0-8k-video-decode-tv-box-4gb-64gb-1574132494700._w280_.jpg,420856,27,https://www.geekbuying.com/item/T95-MAX--Amlogic-S905x3-Android-9-0-8K-Video-Decode-TV-Box-4GB-64GB-420856.html,$56.99,5,T95 MAX+ Amlogic S905x3 Android 9.0 8K Video Decode Gaming TV Box Google Play 4GB/64GB USB3.0 2.4G+5G WiFi Bluetooth LAN
Android TV Boxes,https://img.gkbcdn.com/p/2018-03-13/freesat-gtc-dvb-t2-s2-c-isdb-t-1500-european-live-channels--1571979464791._w280_.jpg,391157,48,https://www.geekbuying.com/item/Freesat-GTC-DVB-T2-S2-C-ISDB-T-1500-European-Live-Channels-391157.html,$89.99,2,GTMEDIA GTC DVB-T2/S2/C ISDB-T S905D DDR4 2GB eMMC 16GB 4K TV BOX Support Cccam Newcam Powervu Biss Key
MINI PC Accessories & Gadgets,https://img.gkbcdn.com/p/2014-12-12/minix-neo-a2-lite-2-4g-wireless-keyboard---air-mouse-gyroscope-1571978835015._w280_.jpg,403605,19,https://www.geekbuying.com/item/MINIX-NEO-A2-Lite-2-4G-Wireless-Keyboard---Air-Mouse-Gyroscope-403605.html,$26.99,1,MINIX NEO A2 Lite 6-Axis Gyro Accelerometer 2.4G Wireless Keyboard with Air Mouse for Windows Android Linux MAC OS
Android TV Boxes,https://img.gkbcdn.com/p/2019-11-05/magicsee-n5-max-amlogic-s905x3-8k-video-decode-tv-box-4gb-32gb-1574132473988._w280_.jpg,422318,46,https://www.geekbuying.com/item/MAGICSEE-N5-MAX-Amlogic-S905X3-8K-Video-Decode-TV-BOX-4GB-32GB-422318.html,$47.99,9,MAGICSEE N5 MAX Amlogic S905X3 Android 9.0 8K Video Decode TV BOX 4GB/32GB 100Mbps LAN HDMI2.1 2.4G+5G WIFI Bluetooth USB3.0
Android TV Boxes,https://img.gkbcdn.com/p/2021-10-14/47a93588a2234136950a2ccf9136ec03-473487-0._w280_.jpg,473487,3,https://www.geekbuying.com/item/MECOOL-KD2-Google-Certified-TV-Dongle-473487.html,$83.99,,"MECOOL KD2 Google Certified TV Dongle, AV1, Amlogic S905Y2, 4GB LPDDR4 RAM 32GB eMMC, 2.4G+5G WIFI, Bluetooth 5.1"
Android TV Boxes,https://img.gkbcdn.com/p/2021-05-27/MECOOL-KM2-Netflix-4K-Android-TV-4K-TV-BOX-459862-0._w280_.jpg,463196,101,https://www.geekbuying.com/item/MECOOL-KM2-Netflix-4K-TV-BOX-463196.html,$69.99,13,MECOOL KM2 Netflix 4K S905X2 4K TV BOX Android TV for Dolby Audio Chromecast Prime Video
Windows Mini PCs,https://img.gkbcdn.com/p/2021-10-27/Beelink-U59-Mini-PC-Intel-N5095-8GB-RAM-256GB-SSD-475308-0._w280_.jpg,475308,14,https://www.geekbuying.com/item/Beelink-U59-Mini-PC-Intel-N5095-8GB-RAM-256GB-ROM-475308.html,$279.99,5,Beelink U59 Mini PC Intel Jasper Lake N5095 8GB RAM/256GB SSD 2.4G+5G WIFI Bluetooth 1000Mbps LAN 2xHDMI
MINI PC Accessories & Gadgets,https://img.gkbcdn.com/p/2017-11-25/mx3-l-m-backlight-voice-input-2-4ghz-wireless-air-mouse-1571989128244._w280_.jpg,455908,22,https://www.geekbuying.com/item/MX3-L-M-Backlight-Voice-Input-2-4GHz-Wireless-Air-Mouse-455908.html,$13.99,1,MX3-L-M Backlight & Voice Input 6-Axis Gyro 2.4GHz Wireless Air Mouse QWERTY Keyboard with IR Learning Remote Control for Android/Windows/Linux Systems - Black
Windows Mini PCs,https://img.gkbcdn.com/p/2022-08-25/BMAX-B2-Mini-PC-Intel---E3950-Processor-CPU-8-128GB-US-Plug-515944-0._w280_.jpg,515944,5,https://www.geekbuying.com/item/BMAX-B2-Mini-PC-Intel---E3950-Processor-CPU-8-128GB-US-Plug-515944.html,$139.99,,BMAX B2 Mini PC Intel®  E3950 Processor CPU 8GB DDR4 128GB SSD BT4.2 HDMI Type C 100Mbps Wi-Fi  Windows10 US Plug
